{
  "image": "path-to-gpx\\data\\images\\101.jpg",
  "engine": "easyocr",
  "mode": "kr_place_whitelist_only",
  "whitelist_size": 43,
  "detection_count": 3,
  "rejected_count": 17,
  "detections": [
    {
      "idx": 1,
      "text": "JCC 서울마라톤42.195km풀코스",
      "matched_place": "서울",
      "confidence": 0.6598795935535177,
      "polygon_xy": [
        [
          27.0,
          25.0
        ],
        [
          475.0,
          25.0
        ],
        [
          475.0,
          69.0
        ],
        [
          27.0,
          69.0
        ]
      ],
      "center_x": 251.0,
      "center_y": 47.0,
      "width": 448.0,
      "height": 44.0,
      "norm_center_x": 0.44821428571428573,
      "norm_center_y": 0.11244019138755981
    },
    {
      "idx": 6,
      "text": "광화문",
      "matched_place": "광화문",
      "confidence": 0.9994404007157865,
      "polygon_xy": [
        [
          197.0,
          209.0
        ],
        [
          243.0,
          209.0
        ],
        [
          243.0,
          229.0
        ],
        [
          197.0,
          229.0
        ]
      ],
      "center_x": 220.0,
      "center_y": 219.0,
      "width": 46.0,
      "height": 20.0,
      "norm_center_x": 0.39285714285714285,
      "norm_center_y": 0.5239234449760766
    },
    {
      "idx": 16,
      "text": "'여의도공원",
      "matched_place": "여의도",
      "confidence": 0.7384812891880205,
      "polygon_xy": [
        [
          98.0,
          312.0
        ],
        [
          172.0,
          312.0
        ],
        [
          172.0,
          336.0
        ],
        [
          98.0,
          336.0
        ]
      ],
      "center_x": 135.0,
      "center_y": 324.0,
      "width": 74.0,
      "height": 24.0,
      "norm_center_x": 0.24107142857142858,
      "norm_center_y": 0.7751196172248804
    }
  ]
}